Name,Organisation,Comments
Admin Assistant,,
Branch Coordinator,,
Cleaner,,
Coordinator,,
Communication Officer,,
Driver,,
Finance Officer,,
Fleet Manager,,
Livelihood Manager,,
OD Coordinator,,
Programme Manager,,
Project Officer,,
Secretary General,,
Security,,
Security Officer,,
Warehouse Manager,,
Watsan Officer,,
Watsan Technician,,
Disaster Management System Officer,International Federation of Red Cross and Red Crescent Societies,
Disaster Management Unit Assistant,International Federation of Red Cross and Red Crescent Societies,
Chairman,Sri Lanka Red Cross Society,
Administrador Database,Timor-Leste Red Cross Society,
Coordenador Voluntario,Timor-Leste Red Cross Society,
Delegado,Timor-Leste Red Cross Society,
Responsavel Programa,Timor-Leste Red Cross Society,
ICBRR Staff,Timor-Leste Red Cross Society,
Outreach Staff,Timor-Leste Red Cross Society,